Metric,Value
Precision,0.983739837398374
Recall,0.9603174603174603
F1 Score,0.9718875502008032
Accuracy,0.974169741697417
Loss,0.07191149145364761
Training Accuracy,0.9878048896789551
Training Loss,0.25461629033088684
Average Pre-processing Time,0.018281250486712485
Average Inference Time,0.00979880389252272
