Metric,Value
Precision,0.9836065573770492
Recall,0.9523809523809523
F1 Score,0.9677419354838709
Accuracy,0.9704797047970479
Loss,0.094426229596138
Training Accuracy,0.9878048896789551
Training Loss,0.27448415756225586
Average Pre-processing Time,0.07227167257895836
Average Inference Time,0.00982171319067698
